customer_id,recency,frequency,monetary,avg_order_value,loyalty_tier,age,household_size,days_since_first_purchase,purchase_frequency_per_month,customer_lifetime_value,cluster,cluster_gmm,final_cluster,segment_name,historical_clv,avg_days_between_purchases,purchase_acceleration,seasonal_spend_variance,seasonal_frequency_variance,customer_tenure_days,days_since_last_purchase,lifecycle_stage,lifecycle_stage_encoded,predicted_clv,vip_score,is_vip
CUST_012346,326,1,77183.6,77183.6,0,0.0,0.0,326,0.09202453987730061,25057.432914832243,1,1,1,Big Spenders,77183.6,326.0,0.003067484662576687,0.0,0.0,,,,0,5135773.266900013,-0.797194638923297,True
CUST_012409,79,109,11072.67,101.58412844036697,0,0.0,0.0,183,17.868852459016395,7512.533107418899,0,0,0,Frequent Buyers,1206921.03,0.7247706422018348,1.379746835443038,948.5766758939416,13.435028842544403,,,,0,1282253.6209,-0.601531958390327,True
CUST_012415,24,714,124914.53,174.95032212885152,0,0.0,0.0,338,63.37278106508875,63254.28837510717,0,0,0,Frequent Buyers,89188974.42,0.03361344537815126,29.75,7157.81574643352,44.73253849269008,,,,0,82734177.86840001,-0.8421030171805973,True
CUST_012428,26,294,7956.46,27.062789115646257,0,0.0,0.0,284,31.056338028169012,4244.5325857656635,0,0,0,Frequent Buyers,2339199.24,0.08843537414965986,11.307692307692308,2661.9247566313115,94.49691352984321,,,,0,2698703.143200002,-0.5771181391761817,True
CUST_012433,1,420,13375.87,31.847309523809525,0,0.0,0.0,373,33.78016085790885,5973.1104244357875,0,0,0,Frequent Buyers,5617865.4,0.002380952380952381,419.99999999999994,5769.743847108813,182.43354954612926,,,,0,6504504.391999993,-0.6802637882095793,True
CUST_012435,80,36,7829.89,217.49694444444447,0,0.0,0.0,268,4.029850746268656,3104.83493653829,0,0,0,Frequent Buyers,281876.04000000004,2.2222222222222223,0.44999999999999996,90.57330760218481,1.4142135623730951,,,,0,267346.9968000001,-0.5651945741052385,True
CUST_012451,11,354,9035.52,25.524067796610172,0,0.0,0.0,325,32.676923076923075,4431.18932006753,0,0,0,Frequent Buyers,3198574.08,0.031073446327683617,32.18181818181818,674.4516400009715,35.679125549822544,,,,0,3281516.067600001,-0.5973742481071384,True
CUST_012471,2,460,19824.05,43.09576086956522,0,0.0,0.0,365,37.80821917808219,9165.132407351135,0,0,0,Frequent Buyers,9119063.0,0.004347826086956522,230.0,4706.926713843298,91.83681179135087,,,,0,8273741.8469,-0.7202302589093356,True
CUST_012474,17,424,7375.79,17.395731132075472,0,0.0,0.0,330,38.54545454545455,3583.6111935873005,0,0,0,Frequent Buyers,3127334.96,0.04009433962264151,24.941176470588236,855.8566739189844,52.121652570372966,,,,0,3142517.719999999,-0.5829056558266593,True
CUST_012477,23,300,13219.74,44.065799999999996,0,0.0,0.0,302,29.80132450331126,6727.341584625269,0,0,0,Frequent Buyers,3965922.0,0.07666666666666666,13.043478260869566,1176.1605437042454,24.179881444429515,,,,0,4212273.909399999,-0.6331763330185777,True
CUST_012536,43,261,12601.83,48.28287356321839,0,0.0,0.0,59,132.71186440677968,31442.803664353152,0,0,0,Frequent Buyers,3289077.63,0.16475095785440613,6.069767441860465,0.0,0.0,,,,0,6413648.191799997,-0.653055189033767,True
CUST_012540,20,478,13400.24,28.03397489539749,0,0.0,0.0,362,39.61325966850829,6034.320664576761,0,0,0,Frequent Buyers,6405314.72,0.04184100418410042,23.900000000000002,656.8695579793604,33.768821912132694,,,,0,6130531.91160001,-0.6872302526452059,True
CUST_012557,16,33,11990.96,363.3624242424242,0,0.0,0.0,372,2.661290322580645,3723.3954692710513,0,0,0,Frequent Buyers,395701.68,0.48484848484848486,2.0625,338.0345392609061,3.4641016151377544,,,,0,451537.6828999999,-0.6295037811428799,True
CUST_012567,23,446,9401.28,21.079103139013455,0,0.0,0.0,370,36.16216216216216,4061.951668191261,0,0,0,Frequent Buyers,4192970.8800000004,0.0515695067264574,19.391304347826086,1040.839526568177,44.56081986079999,,,,0,4075602.0250999965,-0.61585309051261,True
CUST_012590,211,68,9864.26,145.06264705882353,0,0.0,0.0,211,9.66824644549763,4679.464682424324,0,0,0,Frequent Buyers,670769.68,3.1029411764705883,0.3222748815165877,0.0,0.0,,,,0,619148.7508000003,-0.5751688266578996,True
CUST_012621,2,467,13689.67,29.31406852248394,0,0.0,0.0,366,38.278688524590166,6299.645657567385,0,0,0,Frequent Buyers,6393075.89,0.004282655246252677,233.5,729.5624035623454,40.705241267761416,,,,0,6367705.485599997,-0.6890926539959799,True
CUST_012637,67,390,6021.9,15.440769230769229,0,0.0,0.0,324,36.11111111111111,2687.4685806921093,0,0,0,Frequent Buyers,2348541.0,0.1717948717948718,5.82089552238806,1314.278745484889,57.37885789498893,,,,0,2363333.4099000003,-0.5626776776381771,True
CUST_012678,42,165,17628.46,106.83915151515151,0,0.0,0.0,354,13.983050847457626,6884.814595044429,0,0,0,Frequent Buyers,2908695.9,0.2545454545454545,3.928571428571429,3235.137433881287,20.886598574205422,,,,0,3047166.9647999997,-0.6776029529307788,True
CUST_012681,15,638,13787.54,21.610564263322885,0,0.0,0.0,368,52.01086956521739,6375.35612851626,0,0,0,Frequent Buyers,8796450.520000001,0.023510971786833857,42.53333333333333,1632.244208577054,61.37589103222861,,,,0,8594025.829399992,-0.7187698477414135,True
CUST_012682,4,525,12288.22,23.406133333333333,0,0.0,0.0,371,42.45283018867924,5624.267783551535,0,0,0,Frequent Buyers,6451315.5,0.007619047619047619,131.25,1011.8276557629106,38.03835783346419,,,,0,6360032.3595,-0.6840518071053046,True
CUST_012683,4,344,8476.57,24.641191860465117,0,0.0,0.0,366,28.19672131147541,3716.927042124565,0,0,0,Frequent Buyers,2915940.08,0.011627906976744186,86.0,636.8610532067938,28.855964143772194,,,,0,3504969.5557000013,-0.5904948371520502,True
CUST_012705,15,334,6868.29,20.56374251497006,0,0.0,0.0,357,28.067226890756302,2998.407030960163,0,0,0,Frequent Buyers,2294008.86,0.04491017964071856,22.266666666666666,440.2917438471906,11.718930554164633,,,,0,2220259.618900001,-0.5602804049929284,True
CUST_012709,15,208,9736.52,46.81019230769231,0,0.0,0.0,367,17.00272479564033,3924.9847854147674,0,0,0,Frequent Buyers,2025196.1600000001,0.07211538461538461,13.866666666666667,672.0306655205552,14.07124727947029,,,,0,2060911.931099998,-0.5939199883854346,True
CUST_012731,24,274,18895.91,68.96317518248175,0,0.0,0.0,365,22.52054794520548,7868.1550919915335,0,0,0,Frequent Buyers,5177479.34,0.08759124087591241,11.416666666666666,1168.7103591102746,20.502032419575706,,,,0,5090664.220699999,-0.6861462668428054,True
CUST_012744,52,222,21279.29,95.85265765765766,0,0.0,0.0,318,20.943396226415096,9465.83657888467,0,0,0,Frequent Buyers,4724002.38,0.23423423423423423,4.269230769230769,2825.738541813744,16.782927833565473,,,,0,4585234.020399997,-0.7007599333949761,True
CUST_012748,1,4595,33719.73,7.338352557127313,0,0.0,0.0,374,368.58288770053474,19472.932842040143,0,0,0,Frequent Buyers,154942159.35000002,0.0002176278563656148,4595.0,7003.933174307015,1167.262145649668,,,,0,217742528.6422998,-0.8426729653457248,True
CUST_012753,23,197,21429.39,108.77862944162436,0,0.0,0.0,363,16.280991735537192,8638.905668873596,0,0,0,Frequent Buyers,4221589.83,0.116751269035533,8.565217391304348,2259.0026381772254,21.07723890835799,,,,0,3713101.6439999994,-0.6935491665511944,True
CUST_012755,281,4,3811.95,952.9875,0,0.0,0.0,366,0.3278688524590164,759.912277721042,0,0,0,Frequent Buyers,15247.8,70.25,0.014234875444839857,2670.636246524412,1.4142135623730951,,,,0,21770.175299999988,-0.6163942206147881,True
CUST_012757,16,371,7857.1,21.178167115902966,0,0.0,0.0,211,52.74881516587678,5937.015711250252,0,0,0,Frequent Buyers,2914984.1,0.0431266846361186,23.1875,1805.2743620384501,113.44749152508103,,,,0,3158442.456200001,-0.5844065675432681,True
CUST_012798,10,8,6977.04,872.13,0,0.0,0.0,171,1.4035087719298245,4016.9594999443652,0,0,0,Frequent Buyers,55816.32,1.25,0.8,2660.8145333337307,2.8284271247461903,,,,0,201715.80460000015,-0.639010888507314,True
CUST_012867,26,538,4036.82,7.503382899628253,0,0.0,0.0,360,44.833333333333336,1779.8849619510763,0,0,0,Frequent Buyers,2171809.16,0.048327137546468404,20.69230769230769,292.1902054598454,30.6648550189518,,,,0,2176762.805999997,-0.5807157466949366,True
CUST_012901,9,116,17654.54,152.19431034482758,0,0.0,0.0,271,12.841328413284133,9137.432217192183,0,0,0,Frequent Buyers,2047926.6400000001,0.07758620689655173,12.88888888888889,1411.8563200859594,13.490737563232042,,,,0,2024358.2200999975,-0.6597543239866345,True
CUST_012921,9,720,16587.09,23.037625,0,0.0,0.0,373,57.90884718498659,7776.695680981579,0,0,0,Frequent Buyers,11942704.8,0.0125,80.0,1834.2215700468141,65.18179704999446,,,,0,10544913.916899994,-0.7405930785283182,True
CUST_012931,22,82,42055.96,512.8775609756098,0,0.0,0.0,358,6.871508379888268,15434.909200839751,0,0,0,Frequent Buyers,3448588.7199999997,0.2682926829268293,3.727272727272727,12616.433284638466,19.017535767461215,,,,0,7035687.210500013,-0.7634116029722012,True
CUST_012939,64,47,11581.8,246.42127659574467,0,0.0,0.0,335,4.208955223880597,3902.520366112377,0,0,0,Frequent Buyers,544344.6,1.3617021276595744,0.734375,2939.773838648136,8.962886439832502,,,,0,753133.486,-0.6070489094532353,True
CUST_012971,4,305,11189.91,36.68822950819672,0,0.0,0.0,372,24.596774193548388,4778.932413605358,0,0,0,Frequent Buyers,3412922.55,0.013114754098360656,76.25,507.8360079379299,18.099263336758582,,,,0,3708071.477500005,-0.6185055706704911,True
CUST_012980,158,20,7374.9,368.745,0,0.0,0.0,359,1.6713091922005572,1841.8029944528969,0,0,0,Frequent Buyers,147498.0,7.9,0.12658227848101264,1131.855041646235,3.6514837167011076,,,,0,154788.07129999998,-0.6109210390410347,True
CUST_013001,4,339,9818.82,28.964070796460177,0,0.0,0.0,327,31.10091743119266,4832.5931503208085,0,0,0,Frequent Buyers,3328579.98,0.011799410029498525,84.75,2108.581953201409,79.30689335318421,,,,0,4201593.622599999,-0.6068038857117903,True
CUST_013018,16,458,7277.7,15.890174672489083,0,0.0,0.0,296,46.41891891891892,3993.4909170491687,0,0,0,Frequent Buyers,3333186.6,0.034934497816593885,28.625,791.9639293764163,52.65295180076169,,,,0,3363262.0357,-0.5871388871443437,True
CUST_013027,114,26,6912.0,265.84615384615387,0,0.0,0.0,355,2.197183098591549,1880.8739065294133,0,0,0,Frequent Buyers,179712.0,4.384615384615385,0.22807017543859648,1122.2833866720116,3.3166247903554003,,,,0,183803.41979999992,-0.5803534641973835,True
CUST_013078,3,358,12627.94,35.27357541899441,0,0.0,0.0,367,29.26430517711172,5596.711271321917,0,0,0,Frequent Buyers,4520802.5200000005,0.008379888268156424,119.33333333333333,1380.5895960180683,14.93318452306808,,,,0,4850815.147700001,-0.6470509604486521,True
CUST_013081,12,1024,28337.38,27.67322265625,0,0.0,0.0,371,82.8032345013477,13856.028631955296,0,0,0,Frequent Buyers,29017477.12,0.01171875,85.33333333333333,3452.2732845908945,91.66606060405708,,,,0,23380113.076599956,-0.794502340505845,True
CUST_013089,3,1818,58825.83,32.35744224422442,0,0.0,0.0,370,147.4054054054054,31283.44761767299,0,0,0,Frequent Buyers,106945358.94,0.0016501650165016502,606.0,2792.568219021993,67.72739475278819,,,,0,113209359.79819998,-0.8402775695357882,True
CUST_013090,9,155,8910.82,57.48916129032258,0,0.0,0.0,373,12.466487935656836,3433.3912056284557,0,0,0,Frequent Buyers,1381177.0999999999,0.05806451612903226,17.22222222222222,1870.644794030479,33.944808144987356,,,,0,1450094.0276999974,-0.5669805601774025,True
CUST_013097,33,423,6010.42,14.209030732860521,0,0.0,0.0,360,35.25,2578.009936714341,0,0,0,Frequent Buyers,2542407.66,0.07801418439716312,12.818181818181818,573.9653363226737,55.918839997505906,,,,0,2534430.9441999975,-0.5684879165538088,True
CUST_013098,1,572,28882.44,50.49377622377622,0,0.0,0.0,317,54.13249211356467,15852.995729479597,0,0,0,Frequent Buyers,16520755.68,0.0017482517482517483,572.0,4315.476267342922,85.11560765609717,,,,0,17315026.951000012,-0.7690837240345555,True
CUST_013113,1,200,12245.96,61.2298,0,0.0,0.0,366,16.393442622950822,5078.313757471262,0,0,0,Frequent Buyers,2449192.0,0.005,200.0,2094.557866933577,25.49509756796392,,,,0,2801229.4087999994,-0.610227906573617,True
CUST_013135,197,1,3096.0,3096.0,0,0.0,0.0,197,0.15228426395939088,1647.0084205574324,0,0,0,Frequent Buyers,3096.0,197.0,0.005076142131979695,0.0,0.0,,,,0,5535.4092,-0.6547307114318737,True
CUST_013137,11,704,3650.41,5.185241477272727,0,0.0,0.0,309,68.3495145631068,1997.4572611331178,0,0,0,Frequent Buyers,2569888.6399999997,0.015625,64.0,639.9137853062708,111.01051001294127,,,,0,2536112.6954,-0.6194867054799178,True
CUST_013199,4,119,9817.12,82.49680672268909,0,0.0,0.0,367,9.727520435967303,3755.2301944553465,0,0,0,Frequent Buyers,1168237.28,0.03361344537815126,29.75,2290.3863925547585,23.357725345875043,,,,0,1454804.4638,-0.5772256846376356,True
CUST_013230,4,611,2806.97,4.5940589198036,0,0.0,0.0,365,50.21917808219178,1271.3975044971621,0,0,0,Frequent Buyers,1715058.67,0.006546644844517185,152.75,227.0749004733901,40.5,,,,0,1776901.3450999982,-0.5841877118448493,True
CUST_013263,1,1677,7454.07,4.444883720930233,0,0.0,0.0,325,154.79999999999998,4430.377432950882,0,0,0,Frequent Buyers,12500475.389999999,0.0005963029218843172,1677.0,552.6844248076836,100.49004925862063,,,,0,62345238.83069999,-0.7832936199440851,True
CUST_013319,5,476,10845.55,22.784768907563024,0,0.0,0.0,366,39.016393442622956,4956.460374063852,0,0,0,Frequent Buyers,5162481.8,0.01050420168067227,95.19999999999999,1562.8506172456152,43.764521399569006,,,,0,5494804.856400005,-0.6604754229297211,True
CUST_013340,45,134,10736.48,80.12298507462687,0,0.0,0.0,277,14.512635379061374,5176.780040121172,0,0,0,Frequent Buyers,1438688.3199999998,0.3358208955223881,2.9777777777777774,2024.1090872858938,20.256686138984662,,,,0,1503645.5472999974,-0.5886728048944359,True
CUST_013408,2,478,28117.04,58.82225941422595,0,0.0,0.0,374,38.342245989304814,12772.5375304242,0,0,0,Frequent Buyers,13439945.120000001,0.0041841004184100415,239.00000000000003,2841.6041659245925,29.501412395567325,,,,0,11444541.898699997,-0.7521024031563849,True
CUST_013458,7,382,9646.57,25.252801047120418,0,0.0,0.0,360,31.833333333333332,4341.541858481261,0,0,0,Frequent Buyers,3684989.7399999998,0.01832460732984293,54.57142857142858,922.8431874150307,30.072135496724094,,,,0,3748157.4190000035,-0.6075402965990123,True
CUST_013488,17,422,8968.31,21.25191943127962,0,0.0,0.0,367,34.495912806539515,3922.8551775898854,0,0,0,Frequent Buyers,3784626.82,0.04028436018957346,24.823529411764707,735.7201636661863,30.75169372029233,,,,0,3774628.9303999967,-0.6044062074374947,True
CUST_013668,3,470,6363.59,13.539553191489363,0,0.0,0.0,363,38.84297520661157,2909.003224348298,0,0,0,Frequent Buyers,2990887.3000000003,0.006382978723404255,156.66666666666669,634.3263381664572,45.80029111988991,,,,0,2918097.462400003,-0.5938850433332156,True
CUST_013694,4,568,65039.62,114.50637323943663,0,0.0,0.0,374,45.56149732620321,30119.61217220581,0,0,0,Frequent Buyers,36942504.160000004,0.007042253521126761,142.0,788.3225673753954,12.110601416389967,,,,0,31317878.022499982,-0.8068494520570514,True
CUST_013767,2,368,17220.36,46.79445652173913,0,0.0,0.0,374,29.518716577540108,7554.626503074518,0,0,0,Frequent Buyers,6337092.48,0.005434782608695652,184.0,2031.8528210314184,29.154759474226502,,,,0,5892824.346200005,-0.6934520749289823,True
CUST_013777,1,197,25977.16,131.86375634517768,0,0.0,0.0,373,15.84450402144772,10630.941407992454,0,0,0,Frequent Buyers,5117500.52,0.005076142131979695,197.00000000000003,8965.009486505485,35.2550232827418,,,,0,5608058.100499993,-0.7216936373703154,True
CUST_013798,1,349,37153.85,106.4580229226361,0,0.0,0.0,372,28.14516129032258,16402.552728811672,0,0,0,Frequent Buyers,12966693.65,0.0028653295128939827,349.0,2459.029439899341,28.546745290254485,,,,0,12412694.328299997,-0.7608030015247884,True
CUST_013881,4,178,17159.52,96.40179775280899,0,0.0,0.0,312,17.115384615384613,8223.577822307583,0,0,0,Frequent Buyers,3054394.56,0.02247191011235955,44.5,2397.6442943161246,20.024984394500787,,,,0,3252296.072600001,-0.6726461554397792,True
CUST_013969,7,626,9053.94,14.463162939297126,0,0.0,0.0,365,51.45205479452055,4253.79540758802,0,0,0,Frequent Buyers,5667766.44,0.011182108626198083,89.42857142857143,2194.510885861965,107.4569681314339,,,,0,6132913.592800005,-0.6815986577725291,True
CUST_013985,4,349,7060.13,20.229598853868197,0,0.0,0.0,264,39.65909090909091,4311.12971543941,0,0,0,Frequent Buyers,2463985.37,0.011461318051575931,87.25,1398.8941327914465,65.63218214666745,,,,0,2500189.0542000015,-0.5682197933883497,True
CUST_014031,7,250,17286.86,69.14744,0,0.0,0.0,372,20.161290322580644,7201.116925588763,0,0,0,Frequent Buyers,4321715.0,0.028,35.714285714285715,2896.7655665184,31.39532873958587,,,,0,4384491.9539,-0.6596281861509122,True
CUST_014049,17,488,5681.72,11.642868852459017,0,0.0,0.0,318,46.0377358490566,2897.5835630933175,0,0,0,Frequent Buyers,2772679.3600000003,0.03483606557377049,28.705882352941178,982.3969767868791,78.49840762716146,,,,0,2796775.4555000043,-0.5909254822201115,True
CUST_014051,1,210,15610.39,74.33519047619048,0,0.0,0.0,367,17.166212534059948,6516.78519958038,0,0,0,Frequent Buyers,3278181.9,0.004761904761904762,209.99999999999997,2858.8344519212137,41.39645717530266,,,,0,4002903.8893,-0.6465496316758447,True
CUST_014056,1,1106,8214.65,7.427350813743218,0,0.0,0.0,284,116.83098591549296,5364.235779360286,0,0,0,Frequent Buyers,9085402.9,0.0009041591320072332,1106.0,422.23380082406163,34.95234851432257,,,,0,32906602.490400042,-0.7623792739027688,True
CUST_014062,10,111,10464.85,94.27792792792793,0,0.0,0.0,364,9.148351648351648,3959.6993074631123,0,0,0,Frequent Buyers,1161598.35,0.09009009009009009,11.1,1033.2835397693768,11.324751652906125,,,,0,1164584.6276999994,-0.596502471068826,True
CUST_014085,2,450,4448.54,9.885644444444445,0,0.0,0.0,369,36.58536585365854,1970.7555402015114,0,0,0,Frequent Buyers,2001843.0,0.0044444444444444444,225.0,962.5209565683925,70.92014288385681,,,,0,2015740.4919000003,-0.5614738617030336,True
CUST_014088,10,589,50491.81,85.7246349745331,0,0.0,0.0,322,54.87577639751553,26941.390260793327,0,0,0,Frequent Buyers,29739676.09,0.01697792869269949,58.9,8320.505604943228,98.12364648748029,,,,0,24932211.96599999,-0.7960049241727494,True
CUST_014096,4,5111,65164.79,12.749909998043435,0,0.0,0.0,102,1503.235294117647,138917.89661147317,0,0,0,Frequent Buyers,333057241.69,0.000782625709254549,1277.75,32945.0878139071,2362.4437559442554,,,,0,300780076.5660995,-0.8535755713997316,True
CUST_014156,10,1400,117379.63,83.84259285714286,0,0.0,0.0,372,112.90322580645162,59644.658327309444,0,0,0,Frequent Buyers,164331482.0,0.007142857142857143,140.0,17305.070200621118,158.58751527153706,,,,0,132451660.74110003,-0.857047719558123,True
CUST_014159,20,1204,4693.01,3.8978488372093025,0,0.0,0.0,363,99.50413223140497,2286.3121391687864,0,0,0,Frequent Buyers,5650384.04,0.016611295681063124,60.199999999999996,655.1565503691974,173.90993837807736,,,,0,5386867.270500007,-0.7198933982103647,True
CUST_014194,5,579,11349.52,19.601934369602763,0,0.0,0.0,308,56.39610389610389,6324.318087372804,0,0,0,Frequent Buyers,6571372.08,0.008635578583765112,115.8,1179.180090854093,47.422744191649926,,,,0,6973289.882200005,-0.6898632920829515,True
CUST_014258,9,111,12669.98,114.14396396396396,0,0.0,0.0,338,9.852071005917159,5195.094177591126,0,0,0,Frequent Buyers,1406367.78,0.08108108108108109,12.333333333333332,1692.8797746936038,16.700798384109266,,,,0,1466433.5322000002,-0.6171759318847108,True
CUST_014298,8,1637,51527.3,31.476664630421503,0,0.0,0.0,360,136.41666666666666,27567.72903826416,0,0,0,Frequent Buyers,84350190.10000001,0.004886988393402566,204.625,2984.1323821227047,117.64742524452741,,,,0,78530468.22299996,-0.8334829461026347,True
CUST_014367,8,524,9261.52,17.67465648854962,0,0.0,0.0,276,56.95652173913044,5652.282006358195,0,0,0,Frequent Buyers,4853036.48,0.015267175572519083,65.5,589.1604452099613,34.72751070837067,,,,0,6544064.883500001,-0.6664711874438645,True
CUST_014415,1,590,5900.28,10.000474576271186,0,0.0,0.0,360,49.166666666666664,2800.364082710456,0,0,0,Frequent Buyers,3481165.1999999997,0.001694915254237288,590.0,1013.7964364046003,100.56672743341441,,,,0,4223706.443099999,-0.6247349236029769,True
CUST_014456,5,970,3062.4,3.1571134020618556,0,0.0,0.0,142,204.92957746478874,3890.9694446465705,0,0,0,Frequent Buyers,2970528.0,0.005154639175257732,194.0,435.6343457534081,137.17871555019022,,,,0,2851078.0018,-0.6598599131017715,True
CUST_014502,20,624,2470.67,3.9594070512820516,0,0.0,0.0,313,59.808306709265175,1267.690002805079,0,0,0,Frequent Buyers,1541698.08,0.03205128205128205,31.200000000000003,507.47378069380756,135.75222527335112,,,,0,1742865.5778000003,-0.5870722460142744,True
CUST_014505,17,799,5905.64,7.391289111389237,0,0.0,0.0,362,66.21546961325967,2793.3710837814924,0,0,0,Frequent Buyers,4718606.36,0.02127659574468085,47.0,828.0020005209326,142.0806695742481,,,,0,4434402.213799998,-0.6594310285144972,True
CUST_014527,3,972,8508.82,8.753930041152262,0,0.0,0.0,369,79.02439024390243,4183.788791426015,0,0,0,Frequent Buyers,8270573.04,0.0030864197530864196,324.0,1004.0570247583884,96.1977130705299,,,,0,8758858.399699997,-0.7250469856095105,True
CUST_014534,3,519,4447.05,8.56849710982659,0,0.0,0.0,319,48.808777429467085,2325.357047650258,0,0,0,Frequent Buyers,2308018.95,0.005780346820809248,173.0,273.8335214900957,11.870832602082578,,,,0,2262127.7889999975,-0.5803489289455745,True
CUST_014606,1,2700,12156.65,4.502462962962963,0,0.0,0.0,373,217.15817694369971,6640.678822110964,0,0,0,Frequent Buyers,32822955.0,0.00037037037037037035,2700.0,782.8353091327702,104.5593930102249,,,,0,100263481.8638,-0.8069626761725055,True
CUST_014607,16,86,16569.5,192.66860465116278,0,0.0,0.0,261,9.88505747126437,8446.740871825188,0,0,0,Frequent Buyers,1424977.0,0.18604651162790697,5.375,11016.370097495817,56.568542494923804,,,,0,3643101.0211,-0.663282888814688,True
CUST_014646,2,2076,280206.02,134.97399807321773,0,0.0,0.0,355,175.43661971830986,158041.8899777142,0,0,0,Frequent Buyers,581707697.52,0.0009633911368015414,1038.0,12010.020888631565,62.57262447215501,,,,0,484783194.2988994,-0.8687238758364081,True
CUST_014667,11,573,9241.2,16.127748691099477,0,0.0,0.0,368,46.711956521739125,4229.648009470449,0,0,0,Frequent Buyers,5295207.600000001,0.019197207678883072,52.090909090909086,1367.221221187949,87.6826664740529,,,,0,5374305.374200007,-0.6630384534706432,True
CUST_014680,25,258,28754.11,111.45003875968993,0,0.0,0.0,372,20.806451612903224,11677.486347117243,0,0,0,Frequent Buyers,7418560.38,0.09689922480620156,10.32,3567.1097107824326,31.775252424908707,,,,0,6889379.975999995,-0.7404891666638619,True
CUST_014733,16,202,9585.91,47.455,0,0.0,0.0,368,16.467391304347824,3830.927196224963,0,0,0,Frequent Buyers,1936353.82,0.07920792079207921,12.625,2032.4269179214457,36.96394639825858,,,,0,1947605.891799997,-0.5923148089045528,True
CUST_014769,3,1090,10674.75,9.79334862385321,0,0.0,0.0,358,91.34078212290503,5500.376246944676,0,0,0,Frequent Buyers,11635477.5,0.0027522935779816515,363.3333333333333,1567.635694549279,169.7341057850975,,,,0,10941767.1052,-0.754681172448231,True
CUST_014796,1,1141,8022.49,7.031104294478528,0,0.0,0.0,367,93.26975476839237,4049.3552113318174,0,0,0,Frequent Buyers,9153661.09,0.0008764241893076249,1141.0,598.9835689663505,53.82920520807765,,,,0,32778687.807400007,-0.7608333971612308,True
CUST_014849,22,388,7930.54,20.439536082474227,0,0.0,0.0,374,31.122994652406415,3328.3054221835423,0,0,0,Frequent Buyers,3077049.52,0.05670103092783505,17.636363636363637,807.1805695340624,43.01162633521314,,,,0,3120194.2563999984,-0.5817619238389289,True
CUST_014866,11,99,14389.9,145.35252525252525,0,0.0,0.0,366,8.114754098360656,5349.866048406552,0,0,0,Frequent Buyers,1424600.0999999999,0.1111111111111111,9.0,700.3326982227795,2.1213203435596424,,,,0,1541943.4810999983,-0.630147582445331,True
CUST_014895,8,498,11138.71,22.3668875502008,0,0.0,0.0,290,51.51724137931035,6442.32200767762,0,0,0,Frequent Buyers,5547077.579999999,0.01606425702811245,62.25000000000001,486.10583322118936,22.278539748675932,,,,0,5528410.486599999,-0.6677578536917356,True
CUST_014911,1,5675,143825.06,25.343622907488985,0,0.0,0.0,373,456.43431635388737,85174.95483360838,0,0,0,Frequent Buyers,816207215.5,0.0001762114537444934,5675.0,18370.21116034235,749.21531173177,,,,0,632317737.5847,-0.8657900077420666,True
CUST_014936,34,364,8137.02,22.35445054945055,0,0.0,0.0,276,39.56521739130435,4520.783537483221,0,0,0,Frequent Buyers,2961875.2800000003,0.09340659340659341,10.705882352941176,736.7311337025648,37.73592452822641,,,,0,3098853.761399997,-0.5856173723482999,True
CUST_015005,16,1119,6316.57,5.6448346738159065,0,0.0,0.0,366,91.72131147540985,3077.549531896954,0,0,0,Frequent Buyers,7068241.83,0.014298480786416443,69.9375,592.9287897308299,101.75255934537142,,,,0,4994351.078399999,-0.7202302589093356,True
CUST_015023,3,562,6802.76,12.104555160142349,0,0.0,0.0,369,45.6910569105691,3128.488885637205,0,0,0,Frequent Buyers,3823151.12,0.005338078291814947,187.33333333333331,378.75235832049054,41.99603155854928,,,,0,3540398.6385000027,-0.614781376155114,True
CUST_015039,10,1502,19914.44,13.25861517976032,0,0.0,0.0,369,122.11382113821138,10213.994583644764,0,0,0,Frequent Buyers,29911488.88,0.006657789613848202,150.20000000000002,2494.3064001441367,117.33001889258065,,,,0,51519459.9908,-0.8004374424783214,True
CUST_015044,19,453,7700.23,16.99830022075055,0,0.0,0.0,362,37.5414364640884,3420.5324778584413,0,0,0,Frequent Buyers,3488204.19,0.04194260485651214,23.842105263157894,1638.9936550899154,105.446273839651,,,,0,3441297.133899999,-0.5852287295337396,True
CUST_015061,4,403,54534.14,135.32044665012407,0,0.0,0.0,372,32.5,24383.77993781087,0,0,0,Frequent Buyers,21977258.419999998,0.009925558312655087,100.75,13582.749841760075,68.55836929215863,,,,0,19765366.08600002,-0.7901026885390302,True
CUST_015078,7,440,9743.11,22.14343181818182,0,0.0,0.0,369,35.77235772357724,4349.956392797872,0,0,0,Frequent Buyers,4286968.4,0.015909090909090907,62.85714285714286,887.8516630374319,34.813790371058424,,,,0,4217689.0239999965,-0.6229793239729028,True
CUST_015098,182,3,39916.5,13305.5,0,0.0,0.0,182,0.4945054945054945,18771.927643774772,0,0,0,Frequent Buyers,119749.5,60.666666666666664,0.016483516483516484,0.0,0.0,,,,0,435182.1913,-0.7523511123520281,True
CUST_015125,25,127,11528.48,90.77543307086614,0,0.0,0.0,271,14.059040590405905,5843.311399932134,0,0,0,Frequent Buyers,1464116.96,0.1968503937007874,5.08,1683.4591349163582,18.463928798245153,,,,0,1527253.9834999985,-0.6063438604427908,True
CUST_015159,2,710,18641.01,26.25494366197183,0,0.0,0.0,361,59.00277008310249,9156.723256772413,0,0,0,Frequent Buyers,13235117.1,0.0028169014084507044,355.0,4261.5453897490825,142.3551895787435,,,,0,14601486.256099999,-0.7537362960630533,True
CUST_015189,1,212,16225.39,76.53485849056604,0,0.0,0.0,333,19.0990990990991,7485.066481901739,0,0,0,Frequent Buyers,3439782.6799999997,0.0047169811320754715,212.0,1629.6370189580052,24.289915602982237,,,,0,3961061.263100001,-0.6512935637829065,True
CUST_015194,3,310,7616.53,24.569451612903226,0,0.0,0.0,368,25.27173913043478,3277.9093259694505,0,0,0,Frequent Buyers,2361124.3,0.00967741935483871,103.33333333333333,1216.2067587208737,39.11095328250984,,,,0,2428689.554200003,-0.567263142857588,True
CUST_015195,3,1,3861.0,3861.0,0,0.0,0.0,3,10.0,153375.61725167598,0,0,0,Frequent Buyers,3861.0,3.0,0.3333333333333333,0.0,0.0,,,,0,27106.191100000004,-0.6568877654060997,True
CUST_015249,32,350,6688.46,19.109885714285713,0,0.0,0.0,257,40.85603112840467,3977.7055959004215,0,0,0,Frequent Buyers,2340961.0,0.09142857142857143,10.9375,843.2085778540603,44.91102314577124,,,,0,2331646.8476,-0.565254008818151,True
CUST_015251,9,111,10484.99,94.45936936936937,0,0.0,0.0,242,13.760330578512397,6016.32542150301,0,0,0,Frequent Buyers,1163833.89,0.08108108108108109,12.333333333333332,2429.480670150173,25.238858928247925,,,,0,1221264.6067999997,-0.5952094178333905,True
CUST_015290,5,204,7943.22,38.93735294117647,0,0.0,0.0,359,17.04735376044568,3315.4149129947336,0,0,0,Frequent Buyers,1620416.8800000001,0.024509803921568627,40.8,1366.5398460954832,21.710212650578374,,,,0,1702821.156899999,-0.5625185295092904,True
CUST_015299,67,7,4507.01,643.8585714285715,0,0.0,0.0,372,0.564516129032258,1051.8053650375846,0,0,0,Frequent Buyers,31549.07,9.571428571428571,0.1044776119402985,1562.892952199009,2.3094010767585034,,,,0,42124.35409999995,-0.6082137830899529,True
CUST_015311,1,2379,60767.9,25.543463640184953,0,0.0,0.0,374,190.82887700534758,32989.451089578855,0,0,0,Frequent Buyers,144566834.1,0.0004203446826397646,2379.0,2798.6808114121673,105.39884566097803,,,,0,190807133.26399997,-0.8472464596058272,True
CUST_015356,31,519,2766.5,5.330443159922929,0,0.0,0.0,368,42.30978260869565,1152.200118175047,0,0,0,Frequent Buyers,1435813.5,0.05973025048169557,16.741935483870968,370.01875074109415,62.00201609625287,,,,0,1444583.6164,-0.5626233124118952,True
CUST_015358,5,551,8347.2,15.149183303085302,0,0.0,0.0,366,45.16393442622951,3863.3034695272704,0,0,0,Frequent Buyers,4599307.2,0.009074410163339383,110.19999999999999,627.9304646216807,36.37192140465866,,,,0,5235827.0174,-0.6487486313471685,True
CUST_015482,16,98,11054.96,112.80571428571427,0,0.0,0.0,359,8.18941504178273,4131.084806209509,0,0,0,Frequent Buyers,1083386.0799999998,0.16326530612244897,6.125000000000001,5865.620455569897,49.49747468305833,,,,0,1597369.8238000006,-0.6059968892568877,True
CUST_015498,3,512,13316.4,26.00859375,0,0.0,0.0,367,41.85286103542234,6162.848813017515,0,0,0,Frequent Buyers,6817996.8,0.005859375,170.66666666666666,880.4410407290198,43.71879839763821,,,,0,6651050.127399999,-0.6909601024743767,True
CUST_015502,16,213,10384.93,48.75553990610329,0,0.0,0.0,369,17.317073170731707,4173.048487387292,0,0,0,Frequent Buyers,2211990.09,0.07511737089201878,13.3125,1670.4249065532201,27.712812921102035,,,,0,2191828.151700001,-0.5955021070677117,True
CUST_015513,33,308,14758.22,47.9162987012987,0,0.0,0.0,374,24.705882352941178,5967.213932886156,0,0,0,Frequent Buyers,4545531.76,0.10714285714285714,9.333333333333334,976.0103498597405,12.192894105447921,,,,0,4478734.403099998,-0.6667517545661183,True
CUST_015529,23,672,3995.23,5.945282738095238,0,0.0,0.0,367,54.93188010899183,1781.5064111913423,0,0,0,Frequent Buyers,2684794.56,0.03422619047619048,29.217391304347824,283.45644231815703,57.68304199098149,,,,0,3041708.7955999994,-0.6258124857516989,True
CUST_015547,7,702,4954.84,7.058176638176638,0,0.0,0.0,362,58.1767955801105,2344.500030271851,0,0,0,Frequent Buyers,3478297.68,0.009971509971509971,100.28571428571429,566.471554978712,73.32803011127464,,,,0,3623310.267400003,-0.6409938251540622,True
CUST_015555,12,899,4805.17,5.345016685205784,0,0.0,0.0,369,73.08943089430893,2267.0062210082597,0,0,0,Frequent Buyers,4319847.83,0.013348164627363738,74.91666666666666,884.3838940942633,91.2268235407401,,,,0,4341778.457899997,-0.6738783257149038,True
CUST_015601,11,410,6776.56,16.52819512195122,0,0.0,0.0,373,32.97587131367292,2921.258629512053,0,0,0,Frequent Buyers,2778389.6,0.026829268292682926,37.27272727272727,841.051074271553,48.10058904698223,,,,0,2667285.4952999977,-0.575811564469282,True
CUST_015615,10,423,10399.74,24.585673758865248,0,0.0,0.0,359,35.34818941504178,4729.327441762526,0,0,0,Frequent Buyers,4399090.02,0.02364066193853428,42.300000000000004,1181.1586295526383,36.97183612787803,,,,0,4327334.901999998,-0.6350836453308203,True
CUST_015640,4,484,12515.66,25.858801652892563,0,0.0,0.0,372,39.03225806451613,5660.009125878807,0,0,0,Frequent Buyers,6057579.4399999995,0.008264462809917356,121.0,1865.0518821827272,79.08645058836986,,,,0,6156496.470000003,-0.6803592487264071,True
CUST_015719,33,937,5045.61,5.384855923159018,0,0.0,0.0,338,83.16568047337277,2515.4791267422916,0,0,0,Frequent Buyers,4727736.569999999,0.035218783351120594,28.393939393939398,194.8173233869788,52.29643072587905,,,,0,4637029.0546999965,-0.6923981640865692,True
CUST_015749,235,10,44534.3,4453.43,0,0.0,0.0,332,0.9036144578313253,11037.260577956085,0,0,0,Frequent Buyers,445343.0,23.5,0.0425531914893617,1034.1436674853258,0.0,,,,0,753092.7705999999,-0.7587780066715795,True
CUST_015769,7,130,56252.72,432.7132307692308,0,0.0,0.0,371,10.512129380053908,21769.349549086204,0,0,0,Frequent Buyers,7312853.600000001,0.05384615384615385,18.57142857142857,6508.552984865376,10.376254944182254,,,,0,7403997.118700009,-0.7800108130871276,True
CUST_015838,11,167,33643.08,201.45556886227547,0,0.0,0.0,368,13.614130434782608,13430.408486739434,0,0,0,Frequent Buyers,5618394.36,0.0658682634730539,15.18181818181818,6152.368372250369,9.535023160258536,,,,0,5217308.089500001,-0.7399883312755287,True
CUST_015856,4,645,16387.57,25.40708527131783,0,0.0,0.0,365,53.013698630136986,7833.7611488955135,0,0,0,Frequent Buyers,10569982.65,0.006201550387596899,161.25,2893.2457588018688,95.3602817389574,,,,0,10551930.257,-0.7370938454416492,True
CUST_015861,12,546,3165.36,5.797362637362638,0,0.0,0.0,267,61.34831460674157,1942.1586905893862,0,0,0,Frequent Buyers,1728286.56,0.02197802197802198,45.5,863.3960815292133,139.17255476565774,,,,0,1620582.3074999985,-0.5738333830235248,True
CUST_015993,9,552,2797.57,5.068061594202899,0,0.0,0.0,44,376.3636363636364,10820.28707472821,0,0,0,Frequent Buyers,1544258.6400000001,0.016304347826086956,61.333333333333336,0.0,0.0,,,,0,1555945.774099999,-0.5678853134791664,True
CUST_016000,3,9,12393.7,1377.0777777777778,0,0.0,0.0,3,90.0,422691.7717811922,0,0,0,Frequent Buyers,111543.3,0.3333333333333333,3.0,0.0,0.0,,,,0,3034864.407200003,-0.7104239583363144,True
CUST_016013,4,139,37130.6,267.126618705036,0,0.0,0.0,371,11.23989218328841,14551.222101246587,0,0,0,Frequent Buyers,5161153.399999999,0.02877697841726619,34.75,4656.91143156778,28.146935890075138,,,,0,5170279.600599994,-0.7434266857783471,True
CUST_016029,39,242,81024.84,334.813388429752,0,0.0,0.0,374,19.41176470588235,31820.223983734155,0,0,0,Frequent Buyers,19608011.279999997,0.16115702479338842,6.205128205128205,12597.364241398544,16.11417595369576,,,,0,21756432.043199986,-0.808488825153069,True
CUST_016033,6,1137,8816.4,7.754089709762533,0,0.0,0.0,370,92.18918918918918,4373.166848341845,0,0,0,Frequent Buyers,10024246.799999999,0.005277044854881266,189.5,563.2302849930331,84.74028951252565,,,,0,9234826.194499986,-0.7420233517515479,True
CUST_016041,31,6,3166.4,527.7333333333333,0,0.0,0.0,141,1.276595744680851,2076.6233736351874,0,0,0,Frequent Buyers,18998.4,5.166666666666667,0.1935483870967742,1635.6794062407218,2.8284271247461903,,,,0,24196.395799999984,-0.5754882156714912,True
CUST_016133,4,338,14589.04,43.16284023668639,0,0.0,0.0,318,31.88679245283019,7420.529805589804,0,0,0,Frequent Buyers,4931095.5200000005,0.011834319526627219,84.5,2542.6082679144,43.92797134704341,,,,0,5563805.691599994,-0.6751086007312671,True
CUST_016161,2,474,5575.56,11.762784810126583,0,0.0,0.0,369,38.536585365853654,2504.6408124371524,0,0,0,Frequent Buyers,2642815.4400000004,0.004219409282700422,237.00000000000003,627.7554042247134,65.25079820712284,,,,0,2579249.9861000003,-0.5830213903259676,True
CUST_016180,100,162,10254.18,63.29740740740741,0,0.0,0.0,253,19.209486166007906,5103.7709628083885,0,0,0,Frequent Buyers,1661177.1600000001,0.6172839506172839,1.62,1131.1021493216247,14.142135623730951,,,,0,1690576.0104999982,-0.5860264948888922,True
CUST_016182,72,28,6617.65,236.34464285714284,0,0.0,0.0,295,2.847457627118644,2314.829575357166,0,0,0,Frequent Buyers,185294.19999999998,2.5714285714285716,0.38888888888888884,1697.211769589562,7.571877794400366,,,,0,194268.62139999977,-0.5630570614988282,True
CUST_016187,32,295,6911.44,23.428610169491524,0,0.0,0.0,284,31.161971830985916,3638.828214070541,0,0,0,Frequent Buyers,2038874.7999999998,0.10847457627118644,9.21875,1241.781367954923,51.24695112882326,,,,0,2005896.9013000024,-0.5603681430286502,True
CUST_016210,2,123,21086.3,171.43333333333334,0,0.0,0.0,374,9.866310160427807,8063.395532056454,0,0,0,Frequent Buyers,2593614.9,0.016260162601626018,61.49999999999999,7481.614050521898,36.09593698280551,,,,0,3449592.4351999993,-0.6841432088346905,True
CUST_016241,10,662,2607.87,3.939380664652568,0,0.0,0.0,370,53.67567567567567,1155.440574065256,0,0,0,Frequent Buyers,1726409.94,0.015105740181268883,66.2,393.5187402039027,77.84386081552397,,,,0,1851643.6620999982,-0.600083012913908,True
CUST_016308,38,4,2560.0,640.0,0,0.0,0.0,261,0.4597701149425288,848.0826242429615,0,0,0,Frequent Buyers,10240.0,9.5,0.10526315789473684,261.2789058968723,0.0,,,,0,12011.081599999998,-0.5812393169604794,True
CUST_016333,8,45,26626.8,591.7066666666667,0,0.0,0.0,310,4.354838709677419,10625.137722623118,0,0,0,Frequent Buyers,1198206.0,0.17777777777777778,5.625,3868.9227018727925,8.770214744615247,,,,0,2443271.0851,-0.7224574325030759,True
CUST_016360,5,662,3512.53,5.305936555891239,0,0.0,0.0,88,225.6818181818182,6962.607157985358,0,0,0,Frequent Buyers,2325294.8600000003,0.0075528700906344415,132.4,1812.0813349433297,325.2691193458119,,,,0,2296131.7832000013,-0.6091800207370567,True
CUST_016422,17,369,34684.4,93.99566395663958,0,0.0,0.0,369,30.0,15062.549040044918,0,0,0,Frequent Buyers,12798543.6,0.04607046070460705,21.705882352941178,2404.2056120057623,14.127396551853893,,,,0,10156794.862999996,-0.7521024031563849,True
CUST_016446,1,3,168472.5,56157.5,0,0.0,0.0,206,0.4368932038834952,80354.70037220603,1,1,1,Big Spenders,505417.5,0.3333333333333333,3.0,119123.94597411975,0.7071067811865476,,,,0,107521510.25899996,-0.8364246944461393,True
CUST_016523,2,290,9418.47,32.47748275862069,0,0.0,0.0,316,27.531645569620252,4723.7047462631845,0,0,0,Frequent Buyers,2731356.3,0.006896551724137931,145.0,956.8584769050227,25.06657801402763,,,,0,2976815.261800004,-0.5971622409132541,True
CUST_016525,2,183,13027.45,71.18825136612023,0,0.0,0.0,367,14.959128065395097,5320.466141558458,0,0,0,Frequent Buyers,2384023.35,0.01092896174863388,91.5,816.1694597069492,8.460693430998036,,,,0,2826519.768199999,-0.6164986545974832,True
CUST_016532,18,4,6748.8,1687.2,0,0.0,0.0,339,0.35398230088495575,1837.1091512344449,0,0,0,Frequent Buyers,26995.2,4.5,0.2222222222222222,348.33363317371465,0.5773502691896257,,,,0,48323.44229999997,-0.6669900757574881,True
CUST_016549,10,981,4154.64,4.235107033639144,0,0.0,0.0,334,88.11377245508983,2192.335478876681,0,0,0,Frequent Buyers,4075701.8400000003,0.010193679918450561,98.1,1420.0060641067698,386.66264365723254,,,,0,3845077.6571999975,-0.673905248532708,True
CUST_016558,1,460,8338.49,18.127152173913043,0,0.0,0.0,367,37.60217983651226,3798.172522352917,0,0,0,Frequent Buyers,3835705.4,0.002173913043478261,460.0,1356.1906291121713,46.89705036922187,,,,0,4381130.397199998,-0.6078571877927336,True
CUST_016684,4,277,66653.56,240.6265703971119,0,0.0,0.0,358,23.212290502793294,29617.46568706707,0,0,0,Frequent Buyers,18463036.12,0.01444043321299639,69.25,12861.746377621768,42.625305473001205,,,,0,23329494.955499962,-0.8019512507657595,True
CUST_016686,47,585,3062.83,5.235606837606838,0,0.0,0.0,355,49.436619718309856,1312.345524840746,0,0,0,Frequent Buyers,1791755.55,0.08034188034188035,12.446808510638297,411.10554714290424,62.254183259708206,,,,0,1802040.213100001,-0.5767783503014549,True
CUST_016705,1,270,14034.99,51.98144444444444,0,0.0,0.0,359,22.56267409470752,6176.523413207208,0,0,0,Frequent Buyers,3789447.3,0.003703703703703704,270.0,1088.5270284004587,26.413380447543375,,,,0,4403618.742100006,-0.6430109404559513,True
CUST_016713,19,624,6923.13,11.094759615384616,0,0.0,0.0,366,51.14754098360656,3148.6887238353243,0,0,0,Frequent Buyers,4320033.12,0.030448717948717948,32.8421052631579,916.2122285938996,78.01709214439273,,,,0,4135177.3194000036,-0.6343645424709445,True
CUST_016729,38,660,7239.92,10.969575757575758,0,0.0,0.0,241,82.15767634854772,4898.715981749593,0,0,0,Frequent Buyers,4778347.2,0.05757575757575758,17.36842105263158,1233.7206528356949,80.876448982383,,,,0,4688169.466299997,-0.6634139701092584,True
CUST_016745,87,357,7194.3,20.152100840336136,0,0.0,0.0,312,34.32692307692307,3214.5294537773984,0,0,0,Frequent Buyers,2568365.1,0.24369747899159663,4.103448275862069,121.35076926002564,37.589892258425,,,,0,2547410.290899998,-0.5719637894288541,True
CUST_016746,5,449,6697.66,14.91683741648107,0,0.0,0.0,359,37.5208913649025,3071.286857933716,0,0,0,Frequent Buyers,3007249.34,0.011135857461024499,89.8,540.1790410286823,36.44516428828384,,,,0,2859073.5149000008,-0.5901491117591731,True
CUST_016764,4,706,2799.25,3.9649433427762037,0,0.0,0.0,143,148.1118881118881,3408.3434555018166,0,0,0,Frequent Buyers,1976270.5,0.0056657223796034,176.5,443.92870829672637,108.89444430272832,,,,0,2151128.5497999997,-0.6115338958292456,True
CUST_016779,2,333,10629.72,31.92108108108108,0,0.0,0.0,367,27.220708446866485,4667.189249001964,0,0,0,Frequent Buyers,3539696.76,0.006006006006006006,166.5,918.0132891194984,22.52961014605742,,,,0,3979872.394900003,-0.6105713121742602,True
CUST_016839,9,266,16594.35,62.38477443609022,0,0.0,0.0,370,21.567567567567565,6974.398377443433,0,0,0,Frequent Buyers,4414097.1,0.03383458646616541,29.555555555555557,909.3052606752403,13.723459233492601,,,,0,4044561.1782999993,-0.6657974142724804,True
CUST_016843,43,378,10196.57,26.97505291005291,0,0.0,0.0,327,34.678899082568805,4731.003783993723,0,0,0,Frequent Buyers,3854303.46,0.11375661375661375,8.790697674418604,1055.852532833855,48.61069841094653,,,,0,3844302.8524999954,-0.6147163607195124,True
CUST_016873,5,279,7123.62,25.53268817204301,0,0.0,0.0,364,22.994505494505496,3042.815574036424,0,0,0,Frequent Buyers,1987489.98,0.017921146953405017,55.800000000000004,2637.70201935321,90.07219326740079,,,,0,2091201.0810999998,-0.5661635984069755,True
CUST_016904,4,710,3754.27,5.287704225352113,0,0.0,0.0,367,58.03814713896458,1746.478701440119,0,0,0,Frequent Buyers,2665531.7,0.005633802816901409,177.5,143.64898221590946,31.37408697210699,,,,0,2579284.7245999975,-0.6232804192709351,True
CUST_016923,12,672,7247.61,10.785133928571428,0,0.0,0.0,363,55.53719008264463,3402.6652303215124,0,0,0,Frequent Buyers,4870393.92,0.017857142857142856,56.0,813.0267698493492,83.99603165229493,,,,0,4563333.379300001,-0.6625168635893353,True
CUST_016931,5,898,4604.22,5.127193763919822,0,0.0,0.0,370,72.8108108108108,2194.3117008305317,0,0,0,Frequent Buyers,4134589.56,0.005567928730512249,179.6,432.86418135484473,75.88807547961669,,,,0,3957680.0174000007,-0.6726062750843724,True
CUST_017017,3,252,8694.26,34.50103174603175,0,0.0,0.0,373,20.26809651474531,3606.338931225361,0,0,0,Frequent Buyers,2190953.52,0.011904761904761904,84.0,1799.8991880195217,45.09988913511872,,,,0,2804605.5429000026,-0.5881590475464471,True
CUST_017059,30,516,3095.04,5.9981395348837205,0,0.0,0.0,370,41.83783783783784,1292.1092280367209,0,0,0,Frequent Buyers,1597040.64,0.05813953488372093,17.2,556.0491388957155,95.31351775412901,,,,0,1570309.7550999988,-0.566605787147355,True
CUST_017107,33,418,10815.43,25.874234449760767,0,0.0,0.0,278,45.10791366906474,6098.634077635499,0,0,0,Frequent Buyers,4520849.74,0.07894736842105263,12.666666666666668,1173.3260899504169,46.551047249229526,,,,0,4548365.745100001,-0.6457131374109404,True
CUST_017139,16,478,10668.47,22.31897489539749,0,0.0,0.0,289,49.61937716262976,6063.710854999001,0,0,0,Frequent Buyers,5099528.66,0.03347280334728033,29.875000000000004,517.9158359794894,29.737742572921256,,,,0,5146955.434900006,-0.6598826854262452,True
CUST_017231,12,541,3174.32,5.867504621072089,0,0.0,0.0,361,44.958448753462605,1419.5696912323276,0,0,0,Frequent Buyers,1717307.12,0.022181146025878003,45.083333333333336,517.9824842598445,83.5239486614468,,,,0,1598967.236599998,-0.5718954237930388,True
CUST_017238,3,566,3744.65,6.615989399293286,0,0.0,0.0,371,45.76819407008086,1680.3104664860225,0,0,0,Frequent Buyers,2119471.9,0.00530035335689046,188.66666666666666,638.3215203106242,69.55333684782252,,,,0,2183273.996000001,-0.5874470594445331,True
CUST_017243,1,400,8676.85,21.692125,0,0.0,0.0,370,32.43243243243243,3857.433495655838,0,0,0,Frequent Buyers,3470740.0,0.0025,400.0,1792.226880268883,53.74631770332426,,,,0,3850493.7320999997,-0.5953092176999711,True
CUST_017315,2,473,6292.26,13.302875264270613,0,0.0,0.0,358,39.63687150837989,2924.9494131890915,0,0,0,Frequent Buyers,2976238.98,0.004228329809725159,236.5,397.6508362454009,36.481730587605995,,,,0,2972432.1148999995,-0.5907187418097708,True
CUST_017338,17,753,6643.93,8.8232802124834,0,0.0,0.0,361,62.57617728531856,3139.9243728277556,0,0,0,Frequent Buyers,5002879.29,0.02257636122177955,44.29411764705882,519.8644067687267,46.807228786445656,,,,0,4406659.3629,-0.6582125453020142,True
CUST_017340,30,407,12353.29,30.352063882063884,0,0.0,0.0,366,33.36065573770492,5293.411079758989,0,0,0,Frequent Buyers,5027789.03,0.07371007371007371,13.566666666666666,3633.327681125573,103.45208230544871,,,,0,4872326.011999992,-0.6577358756866083,True
CUST_017365,13,468,4801.56,10.259743589743591,0,0.0,0.0,333,42.16216216216216,2330.704162608819,0,0,0,Frequent Buyers,2247130.08,0.027777777777777776,36.0,110.99857206288735,19.407902170679517,,,,0,2225763.4140999992,-0.5682458335674866,True
CUST_017381,9,109,20275.61,186.01477064220185,0,0.0,0.0,372,8.790322580645162,7569.418496132027,0,0,0,Frequent Buyers,2210041.49,0.08256880733944955,12.11111111111111,791.7388583101965,7.632168761236874,,,,0,2205002.3154000007,-0.670554914977986,True
CUST_017389,1,213,31833.68,149.45389671361502,0,0.0,0.0,331,19.305135951661633,14856.0800320952,0,0,0,Frequent Buyers,6780573.84,0.004694835680751174,213.0,7389.8749116341605,20.758532382292028,,,,0,6740397.744000001,-0.7424959002424842,True
CUST_017396,39,27,7330.8,271.5111111111111,0,0.0,0.0,372,2.1774193548387095,2109.430482948888,0,0,0,Frequent Buyers,197931.6,1.4444444444444444,0.6923076923076923,1044.96240123748,2.1213203435596424,,,,0,208291.50689999998,-0.5881863620928619,True
CUST_017404,4,198,31906.82,161.14555555555555,0,0.0,0.0,360,16.5,13480.539197009077,0,0,0,Frequent Buyers,6317550.36,0.020202020202020204,49.49999999999999,3976.680747604297,23.895606290697042,,,,0,5968292.043000004,-0.7315257709874778,True
CUST_017428,1,328,17256.85,52.61234756097561,0,0.0,0.0,369,26.666666666666664,7583.057861575921,0,0,0,Frequent Buyers,5660246.8,0.003048780487804878,328.0,1357.9933602286135,21.694853460363976,,,,0,5866517.858700003,-0.6918928586176154,True
CUST_017450,8,337,194550.79,577.3020474777448,0,0.0,0.0,368,27.47282608695652,85602.68691969101,0,0,0,Frequent Buyers,65563616.230000004,0.02373887240356083,42.125,34426.16779410722,36.0774629558861,,,,0,126197908.82949984,-0.8628660479537293,True
CUST_017509,58,366,6115.14,16.708032786885248,0,0.0,0.0,63,174.28571428571428,14458.634096042872,0,0,0,Frequent Buyers,2238141.24,0.15846994535519127,6.310344827586206,0.0,0.0,,,,0,2353496.537500002,-0.5624549237863183,True
CUST_017511,3,963,91062.38,94.5611422637591,0,0.0,0.0,374,77.24598930481284,44848.43521831482,0,0,0,Frequent Buyers,87693071.94,0.003115264797507788,321.0,8099.593110786491,76.4476945368531,,,,0,72892722.8848999,-0.8363073365447531,True
CUST_017581,1,440,11045.04,25.102363636363638,0,0.0,0.0,372,35.483870967741936,4960.1032382993935,0,0,0,Frequent Buyers,4859817.600000001,0.0022727272727272726,440.0,1072.1543341329177,38.06135397836849,,,,0,4830875.452600005,-0.6549792850700205,True
CUST_017602,2,560,5102.97,9.11244642857143,0,0.0,0.0,324,51.85185185185185,2666.172794551384,0,0,0,Frequent Buyers,2857663.2,0.0035714285714285713,280.0,1124.3554522925567,132.97493498149692,,,,0,2844747.924899997,-0.6067295303219032,True
CUST_017611,7,576,3984.22,6.9170486111111105,0,0.0,0.0,361,47.86703601108033,1832.9306442605625,0,0,0,Frequent Buyers,2294910.7199999997,0.012152777777777778,82.28571428571428,247.62009941305925,69.79016167531543,,,,0,2270361.8851999985,-0.5885270552729084,True
CUST_017675,1,705,20374.28,28.89968794326241,0,0.0,0.0,367,57.629427792915536,9862.466836075811,0,0,0,Frequent Buyers,14363867.399999999,0.0014184397163120568,705.0,1400.6003072016422,69.83015108103376,,,,0,14482480.633400012,-0.7583400074421979,True
CUST_017677,2,304,16363.23,53.82641447368421,0,0.0,0.0,369,24.715447154471544,7105.773638584791,0,0,0,Frequent Buyers,4974421.92,0.006578947368421052,152.0,1447.942752836474,23.846732830026568,,,,0,4978450.764400004,-0.6838290027542555,True
CUST_017706,4,382,10504.49,27.498664921465966,0,0.0,0.0,367,31.22615803814714,4670.306542402096,0,0,0,Frequent Buyers,4012715.1799999997,0.010471204188481676,95.5,1583.8131081322906,50.71817557181383,,,,0,4379093.641599999,-0.6193084230697592,True
CUST_017735,2,690,13110.02,19.000028985507246,0,0.0,0.0,368,56.24999999999999,6273.7279541553335,0,0,0,Frequent Buyers,9045913.8,0.002898550724637681,345.0,1158.0038482808825,59.450259320993155,,,,0,9485429.976799998,-0.7222834334875099,True
CUST_017757,1,741,5605.29,7.564493927125506,0,0.0,0.0,372,59.75806451612903,2637.252641028711,0,0,0,Frequent Buyers,4153519.89,0.001349527665317139,741.0,701.4737667879439,90.74276830690145,,,,0,4939611.231899994,-0.6614351110560304,True
CUST_017811,4,851,7837.73,9.210023501762631,0,0.0,0.0,334,76.437125748503,4187.969396096358,0,0,0,Frequent Buyers,6669908.2299999995,0.004700352526439483,212.75,1088.850158052827,111.34144182049496,,,,0,6083951.816700007,-0.6938936913966729,True
CUST_017841,2,7847,40991.57,5.223852427679368,0,0.0,0.0,373,631.1260053619303,24889.129274806837,0,0,0,Frequent Buyers,321660849.79,0.0002548744743213967,3923.5,5547.054838532937,995.2608954440037,,,,0,234539302.79019985,-0.8529982491754244,True
CUST_017857,4,54,26879.04,497.76,0,0.0,0.0,366,4.426229508196721,9371.53929521442,0,0,0,Frequent Buyers,1451468.1600000001,0.07407407407407407,13.5,5209.225460302775,10.598742063723098,,,,0,2754343.3685000003,-0.722070105937999,True
CUST_017865,31,370,10526.32,28.449513513513512,0,0.0,0.0,364,30.494505494505496,4465.738100839116,0,0,0,Frequent Buyers,3894738.4,0.08378378378378379,11.935483870967742,1291.4470916249984,37.107950630558946,,,,0,3808363.911399995,-0.6148026230526158,True
CUST_017920,4,696,4204.1,6.040373563218392,0,0.0,0.0,374,55.82887700534759,1922.0986362923165,0,0,0,Frequent Buyers,2926053.6,0.005747126436781609,174.0,914.5110347247502,190.13153341831543,,,,0,3036096.7855999987,-0.6306392065473014,True
CUST_017949,1,70,58510.48,835.864,0,0.0,0.0,371,5.660377358490566,21061.56986709925,0,0,0,Frequent Buyers,4095733.6,0.014285714285714285,70.0,11370.195773359988,10.785793124908958,,,,0,7893144.814500009,-0.7817053351751826,True
CUST_018041,12,472,4183.39,8.863114406779662,0,0.0,0.0,373,37.96246648793566,1801.6646260982313,0,0,0,Frequent Buyers,1974560.08,0.025423728813559324,39.33333333333333,401.0788055046041,64.06767255540557,,,,0,2012589.1955000013,-0.5655665311767856,True
CUST_018055,7,360,6784.19,18.84497222222222,0,0.0,0.0,370,29.18918918918919,2925.8596798238455,0,0,0,Frequent Buyers,2442308.4,0.019444444444444445,51.42857142857143,1341.6097418493202,76.01315675591957,,,,0,2365972.1481,-0.565254008818151,True
CUST_018087,98,2,4055.72,2027.86,0,0.0,0.0,291,0.2061855670103093,1247.2848872679247,0,0,0,Frequent Buyers,8111.44,49.0,0.02040816326530612,1661.785788602129,0.0,,,,0,15000.321399999984,-0.6465755785092299,True
CUST_018092,2,89,9068.26,101.89056179775281,0,0.0,0.0,366,7.2950819672131155,3349.9650009584057,0,0,0,Frequent Buyers,807075.14,0.02247191011235955,44.5,1899.4116982107907,16.214705259938174,,,,0,1323979.2445999994,-0.5831402245395263,True
CUST_018102,1,431,259657.3,602.45313225058,0,0.0,0.0,367,35.23160762942779,119616.59336182925,0,0,0,Frequent Buyers,111912296.3,0.002320185614849188,431.0,37149.57094604952,80.15141920140903,,,,0,287397523.71359986,-0.8640344450164785,True
CUST_018109,2,444,8052.97,18.13731981981982,0,0.0,0.0,370,36.0,3612.517893067385,0,0,0,Frequent Buyers,3575518.68,0.0045045045045045045,222.0,1044.6694252689063,21.95449840010015,,,,0,3933480.9985000007,-0.5963938428515375,True
CUST_018118,11,1279,5653.82,4.420500390930414,0,0.0,0.0,370,103.7027027027027,2784.134331691389,0,0,0,Frequent Buyers,7231235.779999999,0.008600469116497263,116.27272727272728,619.4462970804384,129.4562345608224,,,,0,12806395.103699984,-0.7436056400165914,True
CUST_018139,18,159,8438.34,53.07132075471698,0,0.0,0.0,18,265.0,67880.53841613629,0,0,0,Frequent Buyers,1341696.06,0.11320754716981132,8.833333333333334,0.0,0.0,,,,0,3133551.4698999994,-0.582985686934651,True
CUST_018283,4,756,2094.88,2.771005291005291,0,0.0,0.0,337,67.29970326409496,1039.6232682769253,0,0,0,Frequent Buyers,1583729.28,0.005291005291005291,189.0,319.1854899584253,91.93838516455826,,,,0,1922485.7322000002,-0.605663475725939,True
